AccountNumber,LoanId,LastName,FirstName,AmountDue,DateDue,SocialLastFour
100000,001,Snow,John,10000,20170715,1234
100000,002,Snow,Victor,20000,20170715,1234
100000,003,Snow,London,30000,20170715,1234
100000,004,Snow,Roman,400090,20170715,1234
100000,005,Snow,Xavier,5000,20170715,1234
100000,006,Snow,Lucian,100000,20170715,1234
100000,007,Snow,Julian,10000,20170715,1234
100000,008,Snow,Mathias,50000,20170715,1234
100000,009,Snow,Deacon,100,20170715,1234
100000,010,Snow,Trent,10000,20170715,1234
100000,011,Snow,Justice,60000,20170715,1234
100000,012,Snow,Titus,70000,20170715,1234
100000,013,Snow,Archer,80000,20170715,1234
100000,014,Snow,Samuel,100000,20170715,1234
100000,015,Snow,Hunter,140000,20170715,1234
100000,016,Snow,Asher,7000,20170715,1234
100000,017,Snow,Styx,9000,20170715,1234
100000,018,Snow,Marius,90000,20170715,1234
100000,019,Snow,Jonathan,1000000,20170715,1234
100000,020,Snow,Gregory,30000,20170715,1234
100000,021,Snow,Isaac,80000,20170715,1234
100000,022,Snow,Nathaniel,90000,20170715,1234
100000,023,Snow,Alexander,10000,20170715,1234
100000,024,Snow,Mason,70000,20170715,1234
100000,025,Snow,Baron,30000,20170715,1234
100000,026,Snow,Gabriel,70000,20170715,1234
100000,027,Snow,Erik,20100,20170715,1234
100000,028,Snow,Constantine,10000,20170715,1234
100000,029,Snow,Claudia,70000,20170715,1234
100000,030,Snow,Victoria,30000,20170715,1234
100000,031,Rayne,John,50000,20170715,1234
100000,032,Rayne,Victor,50000,20170715,1234
100000,033,Rayne,London,50000,20170715,1234
100000,034,Rayne,Roman,20090,20170715,1234
100000,035,Rayne,Xavier,50000,20170715,1234
100000,036,Rayne,Lucian,50000,20170715,1234
100000,037,Rayne,Julian,50000,20170715,1234
100000,038,Rayne,Mathias,50000,20170715,1234
100000,039,Rayne,Deacon,50000,20170715,1234
100000,040,Rayne,Trent,50000,20170715,1234
100000,041,Rayne,Justice,50000,20170715,1234
100000,042,Rayne,Titus,50000,20170715,1234
100000,043,Rayne,Archer,50000,20170715,1234
100000,044,Rayne,Samuel,50000,20170715,1234
100000,045,Rayne,Hunter,50000,20170715,1234
100000,046,Rayne,Asher,40000,20170715,1234
100000,047,Rayne,Styx,30000,20170715,1234
100000,048,Rayne,Marius,30000,20170715,1234
100000,049,Rayne,Jonathan,50000,20170715,1234
100000,050,Rayne,Gregory,50000,20170715,1234
100000,051,Rayne,Isaac,50000,20170715,1234
100000,052,Rayne,Nathaniel,50000,20170715,1234
100000,053,Rayne,Alexander,50000,20170715,1234
100000,054,Rayne,Mason,50000,20170715,1234
100000,055,Rayne,Baron,30000,20170715,1234
100000,056,Rayne,Gabriel,50000,20170715,1234
100000,057,Rayne,Erik,50000,20170715,1234
100000,058,Rayne,Constantine,50000,20170715,1234
100000,059,Rayne,Claudia,50000,20170715,1234
100000,060,Rayne,Victoria,50000,20170715,1234
200000,001,Storm,John2,4542,20170715,1234
200000,002,Storm,Victor,14542,20170715,1234
200000,003,Storm,London,20542,20170715,1234
200000,004,Storm,Roman,24590,20170715,1234
200000,005,Storm,Xavier,24513,20170715,1234
200000,006,Storm,Lucian,15542,20170715,1234
200000,007,Storm,Julian,24013,20170715,1234
200000,008,Storm,Mathias,18599,20170715,1234
200000,009,Storm,Deacon,19542,20170715,1234
200000,010,Storm,Trent,17542,20170715,1234
200000,011,Storm,Justice,16642,20170715,1234
200000,012,Storm,Titus,26042,20170715,1234
200000,013,Storm,Archer,21513,20170715,1234
200000,014,Storm,Samuel,19016,20170715,1234
200000,015,Storm,Hunter,10013,20170715,1234
200000,016,Storm,Asher,44542,20170715,1234
200000,017,Storm,Styx,34542,20170715,1234
200000,018,Storm,Marius,33542,20170715,1234
200000,019,Storm,Jonathan,11542,20170715,1234
200000,020,Storm,Gregory,22513,20170715,1234
200000,021,Storm,Isaac,15042,20170715,1234
200000,022,Storm,Nathaniel,17542,20170715,1234
200000,023,Storm,Alexander,20542,20170715,1234
200000,024,Storm,Mason,20550,20170715,1234
200000,025,Storm,Baron,33342,20170715,1234
200000,026,Storm,Gabriel,11142,20170715,1234
200000,027,Storm,Erik,10142,20170715,1234
200000,028,Storm,Constantine,10742,20170715,1234
200000,029,Storm,Claudia,10842,20170715,1234
200000,030,Storm,Victoria,11742,20170715,1234
200000,031,Steele,John,22198,20170715,1234
200000,032,Steele,Victor,12198,20170715,1234
200000,033,Steele,London,20572,20170715,1234
200000,034,Steele,Roman,11690,20170715,1234
200000,035,Steele,Xavier,21613,20170715,1234
200000,036,Steele,Lucian,15572,20170715,1234
200000,037,Steele,Julian,24013,20170715,1234
200000,038,Steele,Mathias,18599,20170715,1234
200000,039,Steele,Deacon,19572,20170715,1234
200000,040,Steele,Trent,17572,20170715,1234
200000,041,Steele,Justice,16672,20170715,1234
200000,042,Steele,Titus,26072,20170715,1234
200000,043,Steele,Archer,21513,20170715,1234
200000,044,Steele,Samuel,19016,20170715,1234
200000,045,Steele,Hunter,10013,20170715,1234
200000,046,Steele,Asher,42198,20170715,1234
200000,047,Steele,Styx,32198,20170715,1234
200000,048,Steele,Marius,33572,20170715,1234
200000,049,Steele,Jonathan,11572,20170715,1234
200000,050,Steele,Gregory,22513,20170715,1234
200000,051,Steele,Isaac,15072,20170715,1234
200000,052,Steele,Nathaniel,17572,20170715,1234
200000,053,Steele,Alexander,20572,20170715,1234
200000,054,Steele,Mason,20550,20170715,1234
200000,055,Steele,Baron,33372,20170715,1234
200000,056,Steele,Gabriel,11172,20170715,1234
200000,057,Steele,Erik,10172,20170715,1234
200000,058,Steele,Constantine,10772,20170715,1234
200000,059,Steele,Claudia,10872,20170715,1234
200000,060,Steele,Victoria,11772,20170715,1234
