AccountNumber,LoanId,Name,AmountDue,DateDue,SocialLastFour
100000,001,John Snow,$100.00,20170715,1234
100000,002,Victor Snow,$200.00,20170715,1234
100000,003,London Snow,$300.00,20170715,1234
100000,004,Roman Snow,"$4,000.00",20170715,1234
100000,005,Xavier Snow,$50.00,20170715,1234
100000,006,Lucian Snow,"$1,000.00",20170715,1234
100000,007,Julian Snow,$100.00,20170715,1234
100000,008,Mathias Snow,$500.00,20170715,1234
100000,009,Deacon Snow,$1.00,20170715,1234
100000,010,Trent Snow,$100.00,20170715,1234
100000,011,Justice Snow,$600.00,20170715,1234
100000,012,Titus Snow,$700.00,20170715,1234
100000,013,Archer Snow,$800.00,20170715,1234
100000,014,Samuel Snow,"$1,000.00",20170715,1234
100000,015,Hunter Snow,"$1,400.00",20170715,1234
100000,016,Asher Snow,$70.00,20170715,1234
100000,017,Styx Snow,$90.00,20170715,1234
100000,018,Marius Snow,$900.00,20170715,1234
100000,019,Jonathan Snow,"$10,000.00",20170715,1234
100000,020,Gregory Snow,$300.00,20170715,1234
100000,021,Isaac Snow,$800.00,20170715,1234
100000,022,Nathaniel Snow,$900.00,20170715,1234
100000,023,Alexander Snow,$100.00,20170715,1234
100000,024,Mason Snow,$700.00,20170715,1234
100000,025,Baron Snow,$300.00,20170715,1234
100000,026,Gabriel Snow,$700.00,20170715,1234
100000,027,Erik Snow,$201.00,20170715,1234
100000,028,Constantine Snow,$100.00,20170715,1234
100000,029,Claudia Snow,$700.00,20170715,1234
100000,030,Victoria Snow,$300.00,20170715,1234
100000,031,John Rayne,$500.00,20170715,1234
100000,032,Victor Rayne,$500.00,20170715,1234
100000,033,London Rayne,$500.00,20170715,1234
100000,034,Roman Rayne,$200.00,20170715,1234
100000,035,Xavier Rayne,$500.00,20170715,1234
100000,036,Lucian Rayne,$500.00,20170715,1234
100000,037,Julian Rayne,$500.00,20170715,1234
100000,038,Mathias Rayne,$500.00,20170715,1234
100000,039,Deacon Rayne,$500.00,20170715,1234
100000,040,Trent Rayne,$500.00,20170715,1234
100000,041,Justice Rayne,$500.00,20170715,1234
100000,042,Titus Rayne,$500.00,20170715,1234
100000,043,Archer Rayne,$500.00,20170715,1234
100000,044,Samuel Rayne,$500.00,20170715,1234
100000,045,Hunter Rayne,$500.00,20170715,1234
100000,046,Asher Rayne,$400.00,20170715,1234
100000,047,Styx Rayne,$300.00,20170715,1234
100000,048,Marius Rayne,$300.00,20170715,1234
100000,049,Jonathan Rayne,$500.00,20170715,1234
100000,050,Gregory Rayne,$500.00,20170715,1234
100000,051,Isaac Rayne,$500.00,20170715,1234
100000,052,Nathaniel Rayne,$500.00,20170715,1234
100000,053,Alexander Rayne,$500.00,20170715,1234
100000,054,Mason Rayne,$500.00,20170715,1234
100000,055,Baron Rayne,$300.00,20170715,1234
100000,056,Gabriel Rayne,$500.00,20170715,1234
100000,057,Erik Rayne,$500.00,20170715,1234
100000,058,Constantine Rayne,$500.00,20170715,1234
100000,059,Claudia Rayne,$500.00,20170715,1234
100000,060,Victoria Rayne,$500.00,20170715,1234
200000,001,John2 Storm,$45.00,20170715,1234
200000,002,Victor Storm,$145.00,20170715,1234
200000,003,London Storm,$205.00,20170715,1234
200000,004,Roman Storm,$245.00,20170715,1234
200000,005,Xavier Storm,$245.00,20170715,1234
200000,006,Lucian Storm,$155.00,20170715,1234
200000,007,Julian Storm,$240.00,20170715,1234
200000,008,Mathias Storm,$185.00,20170715,1234
200000,009,Deacon Storm,$195.00,20170715,1234
200000,010,Trent Storm,$175.00,20170715,1234
200000,011,Justice Storm,$166.00,20170715,1234
200000,012,Titus Storm,$260.00,20170715,1234
200000,013,Archer Storm,$215.00,20170715,1234
200000,014,Samuel Storm,$190.00,20170715,1234
200000,015,Hunter Storm,$100.00,20170715,1234
200000,016,Asher Storm,$445.00,20170715,1234
200000,017,Styx Storm,$345.00,20170715,1234
200000,018,Marius Storm,$335.00,20170715,1234
200000,019,Jonathan Storm,$115.00,20170715,1234
200000,020,Gregory Storm,$225.00,20170715,1234
200000,021,Isaac Storm,$150.00,20170715,1234
200000,022,Nathaniel Storm,$175.00,20170715,1234
200000,023,Alexander Storm,$205.00,20170715,1234
200000,024,Mason Storm,$205.00,20170715,1234
200000,025,Baron Storm,$333.00,20170715,1234
200000,026,Gabriel Storm,$111.00,20170715,1234
200000,027,Erik Storm,$101.00,20170715,1234
200000,028,Constantine Storm,$107.00,20170715,1234
200000,029,Claudia Storm,$108.00,20170715,1234
200000,030,Victoria Storm,$117.00,20170715,1234
200000,031,John Steele,$221.00,20170715,1234
200000,032,Victor Steele,$121.00,20170715,1234
200000,033,London Steele,$205.00,20170715,1234
200000,034,Roman Steele,$116.00,20170715,1234
200000,035,Xavier Steele,$216.00,20170715,1234
200000,036,Lucian Steele,$155.00,20170715,1234
200000,037,Julian Steele,$240.00,20170715,1234
200000,038,Mathias Steele,$185.00,20170715,1234
200000,039,Deacon Steele,$195.00,20170715,1234
200000,040,Trent Steele,$175.00,20170715,1234
200000,041,Justice Steele,$166.00,20170715,1234
200000,042,Titus Steele,$260.00,20170715,1234
200000,043,Archer Steele,$215.00,20170715,1234
200000,044,Samuel Steele,$190.00,20170715,1234
200000,045,Hunter Steele,$100.00,20170715,1234
200000,046,Asher Steele,$421.00,20170715,1234
200000,047,Styx Steele,$321.00,20170715,1234
200000,048,Marius Steele,$335.00,20170715,1234
200000,049,Jonathan Steele,$115.00,20170715,1234
200000,050,Gregory Steele,$225.00,20170715,1234
200000,051,Isaac Steele,$150.00,20170715,1234
200000,052,Nathaniel Steele,$175.00,20170715,1234
200000,053,Alexander Steele,$205.00,20170715,1234
200000,054,Mason Steele,$205.00,20170715,1234
200000,055,Baron Steele,$333.00,20170715,1234
200000,056,Gabriel Steele,$111.00,20170715,1234
200000,057,Erik Steele,$101.00,20170715,1234
200000,058,Constantine Steele,$107.00,20170715,1234
200000,059,Claudia Steele,$108.00,20170715,1234
200000,060,Victoria Steele,$117.00,20170715,1234
